"0","vazao %>% 
  ungroup() %>% 
  mutate(l_IOS = lag(IOS, 1),
         agrupar = ifelse(l_IOS < -8, 1, ifelse(l_IOS > 8, 0, 2))) %>% 
       #  prec_tercil = cut(Precipitacao, breaks = quantile(Precipitacao, c(0,0.3,0.6)), labels = F)
  ggplot(aes(x = l_IOS, y = Vazao, group = agrupar)) +
  geom_point()+
  #facet_grid(~Evento, scales = 'free')+
  theme_bw()+
  geom_smooth(method = 'lm', alpha = 0)+
  geom_vline(xintercept = -10, col = 'red')+
  geom_vline(xintercept = 10, col = 'red')
"
"2","Warning:"
"2"," Removed 1 rows containing non-finite values
(stat_smooth).
"
"2","Warning:"
"2"," Removed 1 rows containing missing values
(geom_point).
"
